employee,priority1,priority2,priority3,priority4
"test1",27,28,26,32
"test2",24,25,26,31
"test3",25,26,27,28
"test4",31,32,33,34
"test5",33,34,35,36
"test6",28,29,30,31
"test7",27,28,29,30
"test8",28,29,30,27
"test9",27,28,26,32
"test10",24,25,26,31
"test11",25,26,27,28
"test12",27,28,26,32
"test13",31,32,33,34
"test14",33,34,35,36
"test15",27,28,26,32
"test16",28,29,30,31
"test17",28,29,30,27
"test18",19,21,26,34
"test19",37,31,17,23
"test20",30,36,24,28
"test21",22,18,32,33
"test22",25,40,38,35
"test23",27,28,26,32
"test24",27,40,37,24
"test25",23,36,35,31
"test26",32,39,33,28
"test27",28,22,19,34
"test28",25,20,18,30
"test29",21,22,23,24
"test30",18,19,20,21
"test31",30,31,32,33
"test32",21,22,23,24
"test33",37,38,39,40
"test34",26,27,28,29
"test35",29,30,31,32
"test36",18,19,20,21
"test37",37,38,39,40
"test38",28,29,30,31
"test39",36,37,38,39
"test40",30,31,32,33
"test41",35,36,37,38
"test42",29,30,31,32
"test43",24,25,26,27
"test44",27,28,29,30
"test45",23,24,25,26
"test46",33,34,35,36
"test47",26,27,28,29
"test48",19,20,21,22
"test49",34,35,36,37
"test50",25,26,27,28
"test51",32,33,34,35
"test52",20,21,22,23
"test53",21,22,23,24
"test54",31,32,33,34
"test55",22,23,34,35
"test56",27,28,26,32
"test57",27,28,26,32
"test58",27,28,26,32
"test59",27,28,26,32
"test60",27,28,26,32
"test61",27,28,26,32
"test62",27,28,26,32
"test63",27,28,26,32
"test64",27,28,26,32
"test65",27,28,26,32
"test66",27,28,26,32
"test67",27,28,26,32
"test68",27,28,26,32
"test69",27,28,26,32
"test70",27,28,26,32
"test71",27,28,26,32
"test72",27,28,26,32
"test73",27,28,26,32
"test74",27,28,26,32
